area_name,a_lat,a_lon,b_lat,b_lon,c_lat,c_lon,d_lat,d_lon,e_lat,e_lon
Austin Courtyard,30.3581744,-97.7895736,30.3516383,-97.7929639,30.3529344,-97.78378,30.3556193,-97.7835655,30.3581744,-97.7895736
